username02,password02
per.customer.68606250@yopmail.com,Test!234
per.customer.68606252@yopmail.com,Test!234
per.customer.68606253@yopmail.com,Test!234
per.ui.68606252@yopmail.com,Test!234
per.ui.68606253@yopmail.com,Test!234
per.ui-68606252@yopmail.com,Test!234
per.ui-68606253@yopmail.com,Test!234
per.ui-68606254@yopmail.com,Test!234
per.ui-68606255@yopmail.com,Test!234
email_NOT_FOUND,Test!234
per.ui-68606258@yopmail.com,Test!234
per.ui-68606259@yopmail.com,Test!234
per.ui-68606260@yopmail.com,Test!234
per.ui-68606261@yopmail.com,Test!234
per.ui-68606262@yopmail.com,Test!234
